evidence_id,tavola_id,source_commit,source_sha256,tile_id,u0,v0,u1,v1,object_type,object_id,value,unit,status,confidence,crosscheck,notes,supersedes
E01S-0001,TAV-01S,d521f11a6989664a54409ab0df064903d8986564,abd6061c305f2e7222f04659f519d7ee73ed0759b815ac994ff66215f060fec8,TAV-01S_L1_R02C03,4200,2100,6600,4500,node_label_set,RIGHT_UPPER_SET,"1;2",,DOC,HIGH,TAV-01A/F5-R pending,"Prima passata visuale L1: etichette 1 e 2 nettamente leggibili sul tratto verticale; coordinate oggetto puntuali da rifinire in L2", 
E01S-0002,TAV-01S,d521f11a6989664a54409ab0df064903d8986564,abd6061c305f2e7222f04659f519d7ee73ed0759b815ac994ff66215f060fec8,TAV-01S_L1_R03C03,4200,4200,6600,6600,node_label_set,RIGHT_MID_SET,"3;4;5;6",,DOC,HIGH,TAV-01A/F5-R pending,"Prima passata visuale L1: due allineamenti planimetrici distinti sono visibili; non fondere automaticamente le sequenze", 
E01S-0003,TAV-01S,d521f11a6989664a54409ab0df064903d8986564,abd6061c305f2e7222f04659f519d7ee73ed0759b815ac994ff66215f060fec8,TAV-01S_L1_R03C02,2100,4200,4500,6600,node_label_set,CENTRAL_SET,"5;6;11;12;13;14;19;20;21;22;26",,DOC,HIGH,TAV-01A/F5-R pending,"Nodo 12 e tratto inclinato chiaramente visibili; alcune etichette marginali del tile saranno rifinite in L2", 
E01S-0004,TAV-01S,d521f11a6989664a54409ab0df064903d8986564,abd6061c305f2e7222f04659f519d7ee73ed0759b815ac994ff66215f060fec8,TAV-01S_L1_R03C01,0,4200,2400,6600,node_label_set,LEFT_LOWER_SET,"25;26;27;28;29;30;31;32;33",,DOC,MEDIUM,TAV-01A/F5-R pending,"Numerazione leggibile nel settore sinistro/inferiore; 25/27 richiedono ritaglio L2 prima della promozione puntuale", 
E01S-0005,TAV-01S,d521f11a6989664a54409ab0df064903d8986564,abd6061c305f2e7222f04659f519d7ee73ed0759b815ac994ff66215f060fec8,TAV-01S_L1_R02C01,0,2100,2400,4500,dimension_chain,TOP_LEFT_QUOTES,"4.70;3.45",m,DOC,HIGH,metric crosscheck pending,"Quote concatenate leggibili sul bordo superiore; non ancora associate definitivamente agli assi M0-G", 
E01S-0006,TAV-01S,d521f11a6989664a54409ab0df064903d8986564,abd6061c305f2e7222f04659f519d7ee73ed0759b815ac994ff66215f060fec8,TAV-01S_L1_R02C02,2100,2100,4500,4500,dimension_chain,TOP_CENTER_QUOTES,"23.20 total;3.45;5.50;5.60",m,DOC,HIGH,metric crosscheck pending,"Catena superiore documentale; completamento a destra/sinistra da tile contigui", 
E01S-0007,TAV-01S,d521f11a6989664a54409ab0df064903d8986564,abd6061c305f2e7222f04659f519d7ee73ed0759b815ac994ff66215f060fec8,TAV-01S_L1_R03C01,0,4200,2400,6600,dimension_chain,LEFT_VERTICAL_QUOTES,"20.30 total;6.25;4.95",m,DOC,HIGH,metric crosscheck pending,"Catena verticale esterna leggibile; segmenti superiori/inferiori da completare su tile adiacenti", 
E01S-0008,TAV-01S,d521f11a6989664a54409ab0df064903d8986564,abd6061c305f2e7222f04659f519d7ee73ed0759b815ac994ff66215f060fec8,TAV-01S_L1_R04C02,2100,6300,4500,8700,dimension_chain,BOTTOM_QUOTES,"6.45;4.65;2.00;13.60 total",m,DOC,HIGH,metric crosscheck pending,"Quote concatenate leggibili sul bordo inferiore; prima associazione geometrica da verificare con intero bordo", 
E01S-0009,TAV-01S,d521f11a6989664a54409ab0df064903d8986564,abd6061c305f2e7222f04659f519d7ee73ed0759b815ac994ff66215f060fec8,TAV-01S_L1_R03C02,2100,4200,4500,6600,geometry_feature,INCLINED_FOUNDATION_BRANCH,"ramo inclinato con nodo 12 e nodo 13",,DOC,HIGH,F5-R chain reconciliation pending,"Geometria obliqua documentata direttamente dalla carpenteria; vietata ortogonalizzazione automatica", 
