load_id,model_view,domain,level_scope,load_component,application_class,source_basis,provenance,evidence_detail,numeric_value,numeric_unit,numeric_status,parametric_rule,structural_binding_status,historical_model_status,current_model_status,residual,model_guard
M1L-LM-001,HISTORICAL_RECONSTRUCTION,TELAIO_5,G1_G3,HISTORICAL_LINE_LOADS,LINE_LOAD,"REGISTRO_MASTER LOAD-001;RC-P13_v16",DOC,"The register documents that historical G1-G3 line loads exist, but the numerical schedule is not present in the current canonical source inventory.",,,ND_SOURCE_VALUE_NOT_AVAILABLE_IN_REGISTER,"w_hist,T5 = source-transcribed line load only after RC-P13 numeric rows are recovered.",FRAME_IDENTITY_DOC_NUMERIC_BINDING_OPEN,DOC_EXISTENCE_NUMERIC_ND,NOT_USED_AS_CURRENT_LOAD,RC_P13_NUMERIC_LOAD_ROWS_NOT_RECOVERED,"Do not reconstruct historical values from current geometry or normative loads."
M1L-LM-002,CURRENT_ASBUILT,ORDINARY_FRAME,G1_G5,BEAM_AND_COLUMN_SELF_WEIGHT,MEMBER_DISTRIBUTED_LOAD,"M0G_GEOMETRY_HANDOFF_v1.json;M1S_SECTION_GATE_v1.csv;M1M_MATERIAL_GATE_v1.csv",DOC,"Member geometry and usable sections are canonical; historical material specification is documented, while an accepted current-model density is not yet registered.",,,PARAMETRIC_DENSITY_REQUIRED,"g_member = A_section * gamma_material; use the member's own section and an explicitly accepted density.",DIRECT_FROZEN_MEMBER_BINDING,SEPARATE_HISTORICAL_MODEL,PARAMETRIC_NOT_NUMERIC,CURRENT_MODEL_DENSITY_OR_EXPLICIT_ASSUMPTION_ND,"Never substitute concrete strength or an unrelated reported density for unit weight."
M1L-LM-003,CURRENT_ASBUILT,ORDINARY_FLOORS,G1_G4,STRUCTURAL_FLOOR_SELF_WEIGHT,AREA_LOAD,"M0G_GEOMETRY_HANDOFF_v1.json;M1L_LOAD_PATH_CLASSIFICATION_CURRENT_v1.csv",ND,"Floor structural domains exist, but slab build-up, tributary fields and unit weights are not numerically registered.",,,ND_GEOMETRY_LAYERS_AND_UNIT_WEIGHTS,"g_slab = sum(t_i * gamma_i) over structurally supported documented layers.",FLOOR_FIELDS_AND_TRIBUTARY_AREAS_OPEN,SEPARATE_HISTORICAL_MODEL,NOT_NUMERIC,SLAB_SYSTEM_THICKNESSES_LAYERS_UNIT_WEIGHTS_AND_TRIBUTARY_BINDING_ND,"Do not infer slab area loads from beam sections or adjacent storeys."
M1L-LM-004,CURRENT_ASBUILT,ORDINARY_FLOORS,G1_G4,FINISHES_AND_PARTITIONS,AREA_OR_LINE_LOAD,"M1L_LOAD_PATH_CLASSIFICATION_CURRENT_v1.csv",ND,"Finishes, screeds, partitions and their distributions lack current documentary or measured numerical coverage.",,,ND_BUILDUP_AND_DISTRIBUTION,"g_nonstruct = sum(t_i * gamma_i); partitions remain line loads or an admitted equivalent-area rule only after explicit model approval.",APPLICATION_ZONES_OPEN,SEPARATE_HISTORICAL_MODEL,NOT_NUMERIC,FINISH_PARTITION_MATERIALS_THICKNESSES_LAYOUT_AND_UNIT_WEIGHTS_ND,"Do not silently apply a generic partition allowance."
M1L-LM-005,CURRENT_ASBUILT,ORDINARY_USE,G1_G4,VARIABLE_USE_LOAD,AREA_LOAD,"M1L_ARCHITECTURAL_ENVELOPE_LOAD_ZONES_v1.csv",ND,"Use categories and current assessment values are not frozen by the repository evidence set.",,,ND_USE_CATEGORY_AND_CODE_VALUE,"q_use = value from the explicitly adopted assessment rule after use-zone classification.",USE_ZONE_CLASSIFICATION_OPEN,SEPARATE_HISTORICAL_MODEL,NOT_NUMERIC,USE_CATEGORIES_AND_ADOPTED_ASSESSMENT_VALUES_ND,"Do not derive occupancy loads from reported apartment count alone."
M1L-LM-006,CURRENT_ASBUILT,BASEMENT_PT_GROUND_BUILDUP,G1,PT_FILL_POUR_SCREEDS,GROUND_SUPPORTED_OR_AREA_LOAD,"M1F_GROUND_FLOOR_INTERFACE_CURRENT_v1.csv;M1L-LP-001",RIF,"Raised PT geometry is documentary; inert fill, concrete pour and screeds are user-reported, with thicknesses, unit weights and structural load path unresolved.",,,ND_LOAD_PATH_LAYERS_AND_UNIT_WEIGHTS,"g_PT,struct = sum(g_i * A_struct,i); ground-supported portions are excluded from frame/foundation gravity loading.",OPEN_GROUND_SUPPORTED_VS_STRUCTURAL_TRANSFER,TO_AUDIT,PARAMETRIC_ONLY,PT_STRATIGRAPHY_UNIT_WEIGHTS_STRUCTURAL_TRANSFER_AND_MASS_ND,"Do not apply the complete PT build-up to the frame or foundation beams by default."
M1L-LM-007,CURRENT_ASBUILT,G1_EXTERNAL_TERRACE_ADDITION,G1,TERRACE_PERMANENT_AND_VARIABLE_LOADS,AREA_AND_MEMBER_LOAD,"M1L-LP-002;M1F_AD_HISTORICAL_MODEL_DELTA_AUDIT_v1.csv",DOC,"Terrace geometry and a-d as-built support subsystem are documented; supported terrace segmentation, layers and numerical loads are unresolved.",,,ND_AREA_SUPPORT_AND_LOAD_VALUES,"G_G1terrace = supported layer weights + documented edge/member weights; Q assigned only after use classification.",PARTIAL_AD_SUBSYSTEM_BINDING,OMISSION_RIF_NOT_DOC,NOT_NUMERIC,TERRACE_SEGMENTATION_SUPPORT_MECHANISM_LAYERS_AND_LOADS_ND,"Keep a-d in the as-built model and do not promote reported historical omission to DOC."
M1L-LM-008,CURRENT_ASBUILT,TYPICAL_SHAPED_BALCONIES,G2_G4,BALCONY_SLAB_FINISH_PARAPET_AND_USE_LOADS,AREA_AND_LINE_LOAD,"M1L-LP-003;M1A_BALCONY_CORNICE_REINFORCEMENT_SOURCE_AUDIT_v1.csv",DOC,"Architectural outlines are documentary; structural mechanism, layers, parapets, tributary binding and numerical values remain open.",,,ND_STRUCTURAL_BINDING_AND_LOAD_VALUES,"G_balcony = G_slab + G_finishes + G_parapet + G_edge; Q_balcony remains separately adopted.",PROJECTING_BALCONY_MECHANISM_OPEN,OMISSION_RIF_NOT_DOC,NOT_NUMERIC,LEVEL_BINDING_REINFORCEMENT_LAYERS_PARAPETS_AND_LOAD_VALUES_ND,"Do not infer balcony cantilever action or loads from ordinary beam reinforcement schedules."
M1L-LM-009,CURRENT_ASBUILT,G4_G5_TOP_TERRACES,G4_G5,TERRACE_PERMANENT_AND_VARIABLE_LOADS,AREA_LOAD,"M1L-LP-004;M1A_ARCHITECTURAL_SPECIAL_FEATURES_CURRENT_v1.csv",DOC,"Three top terrace wings are documentary; interior/terrace boundaries, support paths, construction layers and load values remain open.",,,ND_BOUNDARIES_PATH_LAYERS_AND_VALUES,"G_topterrace = sum(t_i * gamma_i) by proven supported zone; Q only after use classification.",STRUCTURAL_BOUNDARY_OPEN,OMISSION_RIF_NOT_DOC,NOT_NUMERIC,INTERIOR_TERRACE_BOUNDARY_SUPPORT_PATH_LAYERS_AND_VALUES_ND,"Do not convert the user-qualified apartment statement into a load category."
M1L-LM-010,CURRENT_ASBUILT,STAIR_CORE_TORRINO,G1_G5,FLIGHTS_LANDINGS_WALLS_AND_TOWER_ROOF,DEDICATED_SUBSYSTEM_LOAD,"M1L-LP-005;M1A_STAIR_TOWER_SUBSYSTEM_CURRENT_v1.csv",DOC,"The dedicated subsystem is documented, but exact 3D member paths, footprint, tributary areas and construction layers remain open.",,,ND_3D_BINDING_LAYERS_AND_VALUES,"G_stair/tower = G_flights + G_landings + G_walls + G_roof after exact binding.",DEDICATED_SUBSYSTEM_BINDING_OPEN,TO_VERIFY,NOT_NUMERIC,PATH_FOOTPRINT_TRIBUTARY_GEOMETRY_LAYERS_AND_LOAD_VALUES_ND,"Do not flatten stair/tower loads into the ordinary floor frame."
M1L-LM-011,CURRENT_ASBUILT,G5_EAVE_BEAM_OVERHANGS,G5,HOST_SELF_WEIGHT_AND_TRIBUTARY_ROOF_EDGE_LOADS,MEMBER_AND_TRIBUTARY_LOAD,"M1L-LP-006;M1A_G5_EAVE_CANTILEVER_ENDS_CURRENT_v1.csv",RIF,"Eight host ends are DOC; the 1.50 m length is user-reported and tributary roof/wall/perimeter binding is open.",,,ND_LENGTH_TRIBUTARY_AND_LOAD_VALUES,"G_eave = self_weight(host overhang) + evidenced tributary roof/wall/perimeter loads.",EIGHT_DOC_HOSTS_LENGTH_WATCH,TO_VERIFY,NOT_NUMERIC,EXACT_LENGTH_TERRACE_BINDING_TRIBUTARY_GEOMETRY_AND_VALUES_ND,"Do not use 1.50 m as DOC or generalize the rafter detail to gronda/cornice objects."
M1L-LM-012,CURRENT_ASBUILT,G5_ROOF,G5,ROOF_PERMANENT_VARIABLE_SNOW_AND_WIND_LOADS,AREA_AND_SURFACE_LOAD,"M0G_GEOMETRY_HANDOFF_v1.json;ROOF_G5_SPECIAL_FEATURES_3D_CURRENT_v1.csv",ND,"Ordinary roof frame geometry is frozen; special roof geometry, layer build-up, tributary surfaces and assessment parameters are not all numerically ready.",,,ND_ROOF_SURFACES_LAYERS_SITE_AND_CODE_INPUTS,"G_roof from documented layers; variable/environmental actions only from adopted current assessment inputs and proven surfaces.",ORDINARY_FRAME_FROZEN_SPECIAL_SURFACES_OPEN,SEPARATE_HISTORICAL_MODEL,NOT_NUMERIC,ROOF_BUILDUP_SURFACES_SITE_PARAMETERS_AND_ADOPTED_ACTIONS_ND,"Do not load ridge/fold lines or gronda sets as structural members without a documented role."
M1L-LM-013,CURRENT_ASBUILT,G5_OUTWARD_INFILL_SHIFT,G5,INFILL_LINE_LOAD_MASS_AND_ECCENTRICITY,LINE_LOAD_AND_MASS,"M1L-LP-007;M1_SPECIAL_CONFIGURATION_LOADS_REGISTER_v1.csv",RIF,"Outward shift is user-qualified; current and historical infill lines, wall build-up and causal geometry are not directly cross-registered.",,,ND_GEOMETRY_BUILDUP_AND_HISTORICAL_REFERENCE,"G_infill = w_infill * L_confirmed; mass and eccentricity only after current/historical line registration.",GEOMETRIC_CONFIRMATION_PENDING,REPORTED_OMISSION_NOT_DOC,NOT_NUMERIC,INFILL_LINES_WALL_BUILDUP_UNIT_WEIGHT_AND_HISTORICAL_TREATMENT_ND,"Do not create shifted line load, seismic mass or eccentricity from the narrative alone."
M1L-LM-014,HISTORICAL_VS_ASBUILT,DELTA_DOMAINS,ALL,LOAD_AND_EFFECT_DELTAS,COMPARISON_ONLY,"M1L_HISTORICAL_VS_ASBUILT_LOAD_DELTA_REGISTER_v1.csv",RIF,"Six comparison domains are registered; none has direct evidence sufficient for a numerical historical omission delta.",,,ND_BOTH_TRACEABLE_TERMS_REQUIRED,"Delta_effect = Effect_asbuilt(traceable current model) - Effect_historical(traceable source model).",SIX_SYMBOLIC_DELTA_DOMAINS,CONDITIONAL_NOT_DOC,NOT_NUMERIC,DIRECT_HISTORICAL_INPUT_AND_CURRENT_NUMERIC_MODEL_REQUIRED,"Never rewrite the historical model to match the as-built configuration."
M1L-LM-015,CURRENT_ASBUILT,SEISMIC_MASS,ALL,ASSEMBLED_MASS,MASS_SOURCE,"M1L_LOAD_PATH_CLASSIFICATION_CURRENT_v1.csv;M1L_HISTORICAL_VS_ASBUILT_LOAD_DELTA_REGISTER_v1.csv",ND,"Gravity-load values, structural transfer, supported areas and admitted mass participation rules are not yet complete.",,,ND_LOADS_PATHS_AND_PARTICIPATION_RULES,"M = admitted permanent-load masses + admitted variable-load fraction, assembled only from traceable load rows.",DEPENDS_ON_NUMERIC_LOAD_ROWS,SEPARATE_HISTORICAL_MODEL,NOT_NUMERIC,NUMERIC_LOADS_STRUCTURAL_PATHS_AND_MASS_PARTICIPATION_RULES_ND,"Do not count ground-supported fill or unbound special geometry automatically as frame seismic mass."
M1L-LM-016,CURRENT_ASBUILT,LOAD_COMBINATIONS,ALL,ASSESSMENT_COMBINATIONS,MODEL_RULE,"M1L_LOADS_GATE_v1.csv",ND,"No current calculation combination set is frozen because numerical actions and adopted assessment rules are incomplete.",,,ND_ACTION_VALUES_AND_ADOPTED_RULESET,"Combinations are generated only after every included action has provenance and an explicit adopted assessment rule.",NOT_READY,SEPARATE_HISTORICAL_MODEL,NOT_NUMERIC,ADOPTED_CURRENT_RULESET_ACTIONS_FACTORS_AND_COMBINATION_SET_ND,"Historical load cases and present assessment combinations must remain separate."
