beam_id,support_i,support_j,geometry_role,section_hint,source_tile_primary,source_tile_crosscheck,evidence_status,orientation,x_i_face_m,y_i_face_m,x_j_face_m,y_j_face_m,clear_vector_length_m,vector_derivation,vector_status,note
B-001,c,a,TERRACE_TRANSVERSE,70x25,TAV-02S_L1_R02C01,,DOC_SECTION_BOUND,HORIZONTAL,0.1500,0.0000,3.3000,0.0000,3.1500,SUPPORT_CENTERLINE_INTERSECT_PHYSICAL_FACES,WORKING_DOCUMENTARY_VECTOR,Vector endpoints derived from documented support pair and physical support footprints; existence inherited from beam claim.
B-002,a,17,TERRACE_TO_ORIGINAL,70x25,TAV-02S_L1_R02C01,,DOC_SECTION_BOUND,HORIZONTAL,3.6000,0.0000,6.6500,0.0000,3.0500,SUPPORT_CENTERLINE_INTERSECT_PHYSICAL_FACES,WORKING_DOCUMENTARY_VECTOR,Vector endpoints derived from documented support pair and physical support footprints; existence inherited from beam claim.
B-003,17,9,TOP_MAIN,,TAV-02S_L1_R02C01,TAV-02S_L1_R02C02,DOC_CONTINUITY,HORIZONTAL,7.1500,0.0000,12.2000,0.0000,5.0500,SUPPORT_CENTERLINE_INTERSECT_PHYSICAL_FACES,WORKING_DOCUMENTARY_VECTOR,Vector endpoints derived from documented support pair and physical support footprints; existence inherited from beam claim.
B-004,9,1,TOP_MAIN,,TAV-02S_L1_R02C02,,DOC_CONTINUITY,HORIZONTAL,12.6000,0.0000,17.8000,0.0000,5.2000,SUPPORT_CENTERLINE_INTERSECT_PHYSICAL_FACES,WORKING_DOCUMENTARY_VECTOR,Vector endpoints derived from documented support pair and physical support footprints; existence inherited from beam claim.
B-005,d,b,TERRACE_TRANSVERSE,,TAV-02S_L1_R02C01,,DOC_CONTINUITY,HORIZONTAL,0.1500,4.7000,3.3000,4.7000,3.1500,SUPPORT_CENTERLINE_INTERSECT_PHYSICAL_FACES,WORKING_DOCUMENTARY_VECTOR,Vector endpoints derived from documented support pair and physical support footprints; existence inherited from beam claim.
B-006,b,18,TERRACE_TO_ORIGINAL,,TAV-02S_L1_R02C01,,DOC_CONTINUITY,HORIZONTAL,3.6000,4.7000,6.6740,4.7000,3.0740,SUPPORT_CENTERLINE_INTERSECT_PHYSICAL_FACES,WORKING_DOCUMENTARY_VECTOR,Vector endpoint on P18 physical face not centroid.
B-007,1,2,RIGHT_MAIN,,TAV-02S_L1_R02C02,,DOC_CONTINUITY,VERTICAL,18.0000,0.2500,18.0000,4.5000,4.2500,SUPPORT_CENTERLINE_INTERSECT_PHYSICAL_FACES,WORKING_DOCUMENTARY_VECTOR,Vector endpoints derived from documented support pair and physical support footprints.
B-008,2,3,RIGHT_MAIN,,TAV-02S_L1_R02C02,TAV-02S_L1_R03C02,DOC_CONTINUITY,VERTICAL,18.0000,4.9000,18.0000,9.6000,4.7000,SUPPORT_CENTERLINE_INTERSECT_PHYSICAL_FACES,WORKING_DOCUMENTARY_VECTOR,Vector endpoints derived from documented support pair and physical support footprints.
B-009,3,4,RIGHT_MAIN,70x25,TAV-02S_L1_R03C02,,DOC_SECTION_BOUND,VERTICAL,18.0000,10.0000,18.0000,13.7000,3.7000,SUPPORT_CENTERLINE_INTERSECT_PHYSICAL_FACES,WORKING_DOCUMENTARY_VECTOR,Section callout retained as beam section.
B-010,4,6,RIGHT_MAIN,70x25,TAV-02S_L1_R03C02,,DOC_SECTION_BOUND,DIAGONAL,17.8052,14.2000,16.3489,17.9000,3.9764,SUPPORT_CENTERLINE_INTERSECT_PHYSICAL_FACES,WORKING_DOCUMENTARY_VECTOR,Actual support centers are offset; vector follows support-to-support documentary run and terminates on faces.
B-011,6,7,RIGHT_MAIN,70x25,TAV-02S_L1_R03C02,,DOC_SECTION_BOUND,VERTICAL,16.1000,18.3000,16.1000,23.2000,4.9000,SUPPORT_CENTERLINE_INTERSECT_PHYSICAL_FACES,WORKING_DOCUMENTARY_VECTOR,Section callout retained as beam section.
B-012,7,8,RIGHT_MAIN,,TAV-02S_L1_R03C02,TAV-02S_L1_R04C02,DOC_CONTINUITY,VERTICAL,16.1000,23.6000,16.1000,27.8500,4.2500,SUPPORT_CENTERLINE_INTERSECT_PHYSICAL_FACES,WORKING_DOCUMENTARY_VECTOR,Vector endpoints derived from documented support pair and physical support footprints.
B-013,5,4,LOCAL_RIGHT,,TAV-02S_L1_R03C02,,DOC_CONTINUITY,HORIZONTAL,16.3000,13.9500,17.8000,13.9500,1.5000,SUPPORT_CENTERLINE_INTERSECT_PHYSICAL_FACES,WORKING_DOCUMENTARY_VECTOR,Vector endpoints derived from documented support pair and physical support footprints.
B-014,31,28,LEFT_ROW_1,,TAV-02S_L1_R02C01,TAV-02S_L1_R03C01,DOC_CONTINUITY,HORIZONTAL,-4.4500,8.9500,-0.2500,8.9500,4.2000,SUPPORT_CENTERLINE_INTERSECT_PHYSICAL_FACES,WORKING_DOCUMENTARY_VECTOR,Vector endpoints derived from documented support pair and physical support footprints.
B-015,28,25,LEFT_ROW_1,,TAV-02S_L1_R02C01,TAV-02S_L1_R03C01,DOC_CONTINUITY,HORIZONTAL,0.2500,8.9500,3.2000,8.9500,2.9500,SUPPORT_CENTERLINE_INTERSECT_PHYSICAL_FACES,WORKING_DOCUMENTARY_VECTOR,Vector endpoints derived from documented support pair and physical support footprints.
B-016,25,19,LEFT_ROW_1,,TAV-02S_L1_R02C01,TAV-02S_L1_R03C01,DOC_CONTINUITY,HORIZONTAL,3.7000,8.9500,7.4318,8.9500,3.7318,SUPPORT_CENTERLINE_INTERSECT_PHYSICAL_FACES,WORKING_DOCUMENTARY_VECTOR,Beam continuity retained. Former 2.10 m pair attribution revoked; no span dimension asserted here.
B-017,32,29,LEFT_ROW_2,,TAV-02S_L1_R03C01,,DOC_CONTINUITY,HORIZONTAL,-4.5000,15.2000,-0.2500,15.2000,4.2500,SUPPORT_CENTERLINE_INTERSECT_PHYSICAL_FACES,WORKING_DOCUMENTARY_VECTOR,Vector endpoints derived from documented support pair and physical support footprints.
B-018,29,26,LEFT_ROW_2,,TAV-02S_L1_R03C01,,DOC_CONTINUITY,HORIZONTAL,0.2500,15.2000,3.2000,15.2000,2.9500,SUPPORT_CENTERLINE_INTERSECT_PHYSICAL_FACES,WORKING_DOCUMENTARY_VECTOR,Vector endpoints derived from documented support pair and physical support footprints.
B-019,26,21,LEFT_ROW_2,,TAV-02S_L1_R03C01,,DOC_CONTINUITY,HORIZONTAL,3.7000,15.2000,5.3500,15.2000,1.6500,SUPPORT_CENTERLINE_INTERSECT_PHYSICAL_FACES,WORKING_DOCUMENTARY_VECTOR,Vector endpoints derived from documented support pair and physical support footprints.
B-020,33,30,LEFT_ROW_3,,TAV-02S_L1_R03C01,,DOC_CONTINUITY,DIAGONAL,-4.5000,20.1309,-0.1500,19.7508,4.3665,SUPPORT_CENTERLINE_INTERSECT_PHYSICAL_FACES,WORKING_DOCUMENTARY_VECTOR,Endpoint on P30 extended physical face; no centroid snapping.
B-021,30,27,LEFT_ROW_3,,TAV-02S_L1_R03C01,,DOC_CONTINUITY,DIAGONAL,0.1500,19.7137,3.2000,19.3207,3.0752,SUPPORT_CENTERLINE_INTERSECT_PHYSICAL_FACES,WORKING_DOCUMENTARY_VECTOR,Endpoint on P30 extended physical face; no centroid snapping.
B-022,27,22',LEFT_ROW_3,,TAV-02S_L1_R03C01,,DOC_CONTINUITY_REBOUND,HORIZONTAL,3.7000,19.2800,5.3000,19.2800,1.6000,SUPPORT_CENTERLINE_INTERSECT_PHYSICAL_FACES,WORKING_DOCUMENTARY_VECTOR,Endpoint rebound: P27 connects to P22-prime on observed row, not P22. No 2.10 m span asserted.
B-023,31,32,LEFT_COL_0,70x25,TAV-02S_L1_R02C01,TAV-02S_L1_R03C01,DOC_SECTION_BOUND,VERTICAL,-4.7000,9.1500,-4.7000,14.9500,5.8000,SUPPORT_CENTERLINE_INTERSECT_PHYSICAL_FACES,WORKING_DOCUMENTARY_VECTOR,Section callout retained as beam section.
B-024,32,33,LEFT_COL_0,70x25,TAV-02S_L1_R03C01,,DOC_SECTION_BOUND,VERTICAL,-4.7000,15.4500,-4.7000,19.9000,4.4500,SUPPORT_CENTERLINE_INTERSECT_PHYSICAL_FACES,WORKING_DOCUMENTARY_VECTOR,Section callout retained as beam section.
B-025,28,29,LEFT_COL_1,,TAV-02S_L1_R02C01,TAV-02S_L1_R03C01,DOC_CONTINUITY,VERTICAL,0.0000,9.1500,0.0000,15.0000,5.8500,SUPPORT_CENTERLINE_INTERSECT_PHYSICAL_FACES,WORKING_DOCUMENTARY_VECTOR,Vector endpoints derived from documented support pair and physical support footprints.
B-026,29,30,LEFT_COL_1,,TAV-02S_L1_R03C01,,DOC_CONTINUITY,VERTICAL,0.0000,15.4000,0.0000,19.1834,3.7834,SUPPORT_CENTERLINE_INTERSECT_PHYSICAL_FACES,WORKING_DOCUMENTARY_VECTOR,Endpoint on P30 extended physical face; no centroid snapping.
B-027,25,26,LEFT_COL_2,,TAV-02S_L1_R02C01,TAV-02S_L1_R03C01,DOC_CONTINUITY,VERTICAL,3.4500,9.1500,3.4500,15.0000,5.8500,SUPPORT_CENTERLINE_INTERSECT_PHYSICAL_FACES,WORKING_DOCUMENTARY_VECTOR,Vector endpoints derived from documented support pair and physical support footprints.
B-028,26,27,LEFT_COL_2,,TAV-02S_L1_R03C01,,DOC_CONTINUITY,VERTICAL,3.4500,15.4000,3.4500,19.0800,3.6800,SUPPORT_CENTERLINE_INTERSECT_PHYSICAL_FACES,WORKING_DOCUMENTARY_VECTOR,Vector endpoints derived from documented support pair and physical support footprints.
B-029,19,21,LEFT_COL_3,,TAV-02S_L1_R02C01,TAV-02S_L1_R03C01,DOC_CONTINUITY,DIAGONAL,7.5654,9.2000,5.6282,14.9500,6.0674,SUPPORT_CENTERLINE_INTERSECT_PHYSICAL_FACES,WORKING_DOCUMENTARY_VECTOR,Vector follows documented connection; metric X of P19 remains MIS_WATCH.
B-030,21,22,LEFT_COL_3,,TAV-02S_L1_R03C01,,DOC_CONTINUITY,VERTICAL,5.5500,15.4500,5.5500,17.9000,2.4500,SUPPORT_CENTERLINE_INTERSECT_PHYSICAL_FACES,WORKING_DOCUMENTARY_VECTOR,Vector endpoints derived from documented support pair and physical support footprints.
B-031,23,15,LOWER_ROW_1,,TAV-02S_L1_R04C01,TAV-02S_L1_R04C02,DOC_CONTINUITY,HORIZONTAL,5.7789,23.4000,11.2000,23.4000,5.4211,SUPPORT_CENTERLINE_INTERSECT_PHYSICAL_FACES,WORKING_DOCUMENTARY_VECTOR,Beam continuity P23-P15 retained. Former 6.45 m attribution revoked; 6.45 belongs to P24-P16.
B-032,15,7,LOWER_ROW_1,,TAV-02S_L1_R04C02,,DOC_CONTINUITY,HORIZONTAL,11.7000,23.4000,15.8500,23.4000,4.1500,SUPPORT_CENTERLINE_INTERSECT_PHYSICAL_FACES,WORKING_DOCUMENTARY_VECTOR,Vector endpoints derived from documented support pair and physical support footprints.
B-033,24,16,LOWER_ROW_2,,TAV-02S_L1_R04C01,TAV-02S_L1_R04C02,DOC_CONTINUITY,HORIZONTAL,5.2000,28.1000,11.2000,28.1000,6.0000,SUPPORT_CENTERLINE_INTERSECT_PHYSICAL_FACES,WORKING_DOCUMENTARY_VECTOR,Documented 6.45 axis spacing preserved separately; clear vector terminates on support faces.
B-034,16,8,LOWER_ROW_2,,TAV-02S_L1_R04C02,,DOC_CONTINUITY,HORIZONTAL,11.7000,28.1000,15.9000,28.1000,4.2000,SUPPORT_CENTERLINE_INTERSECT_PHYSICAL_FACES,WORKING_DOCUMENTARY_VECTOR,Vector endpoints derived from documented support pair and physical support footprints.
B-035,23,24,LOWER_COL_LEFT,,TAV-02S_L1_R04C01,,DOC_CONTINUITY,DIAGONAL,5.2181,23.5500,5.0080,27.8500,4.3051,SUPPORT_CENTERLINE_INTERSECT_PHYSICAL_FACES,WORKING_DOCUMENTARY_VECTOR,Endpoint on P23 extended physical face; no centroid snapping.
B-036,15,16,LOWER_COL_MID,,TAV-02S_L1_R04C02,,DOC_CONTINUITY,VERTICAL,11.4500,23.6000,11.4500,27.9000,4.3000,SUPPORT_CENTERLINE_INTERSECT_PHYSICAL_FACES,WORKING_DOCUMENTARY_VECTOR,Vector endpoints derived from documented support pair and physical support footprints.
B-037,7,8,LOWER_COL_RIGHT,,TAV-02S_L1_R03C02,TAV-02S_L1_R04C02,DOC_CONTINUITY,VERTICAL,16.1000,23.6000,16.1000,27.8500,4.2500,SUPPORT_CENTERLINE_INTERSECT_PHYSICAL_FACES,WORKING_DOCUMENTARY_VECTOR,Same physical run as B-012 retained for documentary provenance; deduplication deferred to analytical topology gate.
B-038,18,10,MID_ROW_1,,TAV-02S_L1_R02C02,TAV-02S_L1_R02C01,DOC_CONTINUITY,HORIZONTAL,7.7740,4.7000,12.1500,4.7000,4.3760,SUPPORT_CENTERLINE_INTERSECT_PHYSICAL_FACES,WORKING_DOCUMENTARY_VECTOR,Endpoint on P18 extended physical face; no centroid snapping.
B-039,10,2,MID_ROW_1,,TAV-02S_L1_R02C02,,DOC_CONTINUITY,HORIZONTAL,12.6500,4.7000,17.7500,4.7000,5.1000,SUPPORT_CENTERLINE_INTERSECT_PHYSICAL_FACES,WORKING_DOCUMENTARY_VECTOR,Vector endpoints derived from documented support pair and physical support footprints.
B-040,20,11,MID_ROW_2,,TAV-02S_L1_R02C02,TAV-02S_L1_R03C02,DOC_CONTINUITY,HORIZONTAL,7.8818,9.8000,12.1500,9.8000,4.2682,SUPPORT_CENTERLINE_INTERSECT_PHYSICAL_FACES,WORKING_DOCUMENTARY_VECTOR,Metric X of P20 remains MIS_WATCH; vector existence is documentary.
B-041,11,3,MID_ROW_2,,TAV-02S_L1_R02C02,TAV-02S_L1_R03C02,DOC_CONTINUITY,HORIZONTAL,12.6500,9.8000,17.7000,9.8000,5.0500,SUPPORT_CENTERLINE_INTERSECT_PHYSICAL_FACES,WORKING_DOCUMENTARY_VECTOR,Vector endpoints derived from documented support pair and physical support footprints.
B-042,9,10,INNER_COL_RIGHT,,TAV-02S_L1_R02C02,,DOC_CONTINUITY,VERTICAL,12.4000,0.2500,12.4000,4.5000,4.2500,SUPPORT_CENTERLINE_INTERSECT_PHYSICAL_FACES,WORKING_DOCUMENTARY_VECTOR,Vector endpoints derived from documented support pair and physical support footprints.
B-043,10,11,INNER_COL_RIGHT,,TAV-02S_L1_R02C02,,DOC_CONTINUITY,VERTICAL,12.4000,4.9000,12.4000,9.6000,4.7000,SUPPORT_CENTERLINE_INTERSECT_PHYSICAL_FACES,WORKING_DOCUMENTARY_VECTOR,Vector endpoints derived from documented support pair and physical support footprints.
B-044,12,5,MID_ROW_3,,TAV-02S_L1_R03C02,,DOC_CONTINUITY,DIAGONAL,12.6000,13.1010,15.9000,13.9211,3.4004,SUPPORT_CENTERLINE_INTERSECT_PHYSICAL_FACES,WORKING_DOCUMENTARY_VECTOR,P12 Y is MIS; vector existence is documentary and endpoint geometry remains traceable.
B-045,14,6,LOWER_RIGHT_CROSS,,TAV-02S_L1_R03C02,,DOC_CONTINUITY,HORIZONTAL,11.7000,18.1000,15.8500,18.1000,4.1500,SUPPORT_CENTERLINE_INTERSECT_PHYSICAL_FACES,WORKING_DOCUMENTARY_VECTOR,Vector endpoints derived from documented support pair and physical support footprints.
B-046,14,15,INNER_COL_LOWER,65x30,TAV-02S_L1_R03C02,TAV-02S_L1_R04C02,DOC_SECTION_BOUND,VERTICAL,11.4500,18.3000,11.4500,23.2000,4.9000,SUPPORT_CENTERLINE_INTERSECT_PHYSICAL_FACES,WORKING_DOCUMENTARY_VECTOR,Section callout retained as beam section.
B-047,22,22',LOCAL_PRIME_LINK,,TAV-02S_L1_R03C01,,DOC_CONTINUITY_MIS_LENGTH,VERTICAL,5.5500,18.3000,5.5500,19.0800,0.7800,SUPPORT_CENTERLINE_INTERSECT_PHYSICAL_FACES,WORKING_DOCUMENTARY_VECTOR,Beam continuity documentary; center spacing remains MIS-supported rather than DOC.
B-048,11,12,CENTRAL_BENT_CHAIN,120x20,TAV-02S_L1_R03C02,,DOC_SECTION_BOUND,VERTICAL,12.4000,10.0000,12.4000,12.8225,2.8225,SUPPORT_CENTERLINE_INTERSECT_PHYSICAL_FACES,WORKING_DOCUMENTARY_VECTOR,P12 Y includes MIS completion; 120x20 is beam section callout.
B-049,12,13,CENTRAL_BENT_CHAIN,120x20,TAV-02S_L1_R03C02,,DOC_SECTION_BOUND,DIAGONAL,12.3071,13.3225,11.5393,15.0000,1.8448,SUPPORT_CENTERLINE_INTERSECT_PHYSICAL_FACES,WORKING_DOCUMENTARY_VECTOR,Inclined documentary segment; 120x20 is beam section callout.
B-050,13,14,CENTRAL_BENT_CHAIN,120x20,TAV-02S_L1_R03C02,,DOC_SECTION_BOUND,VERTICAL,11.4500,15.4000,11.4500,17.9000,2.5000,SUPPORT_CENTERLINE_INTERSECT_PHYSICAL_FACES,WORKING_DOCUMENTARY_VECTOR,Section callout retained as beam section.
B-051,20,21,CENTRAL_DIAGONAL,65x30,TAV-02S_L1_R03C01,TAV-02S_L1_R03C02,DOC_SECTION_BOUND,DIAGONAL,7.3818,10.0000,5.6464,14.9500,5.2454,SUPPORT_CENTERLINE_INTERSECT_PHYSICAL_FACES,WORKING_DOCUMENTARY_VECTOR,Inclined documentary segment; P20 X remains MIS_WATCH and 65x30 is beam section callout.
