offset_id,support_id,connection_id,frame_id,frame_end,beam_axis_orientation,support_joint_x_m,support_joint_y_m,attachment_face,attachment_x_m,attachment_y_m,offset_x_m,offset_y_m,offset_z_m,csys,stiff_transform,status,evidence_status,confidence,source_basis,supersedes,notes
OFF-P18-C032,P18,T05-C032,F-T05-032,J,VERTICAL,11.9023,4.1262,NORTH,11.6290,4.2852,-0.2733,0.1590,0.0000,GLOBAL,TRUE,READY,MIS,HIGH,"asse P17-P18 + footprint fisico P18 30x110 lungo X",v1:OFF-P18-C032,"attacco sulla faccia nord; non nel mezzo della sezione"
OFF-P18-C033,P18,T05-C033,F-T05-033,I,HORIZONTAL,11.9023,4.1262,EAST,12.4333,4.1056,0.5310,-0.0206,0.0000,GLOBAL,TRUE,READY,MIS,HIGH,"asse P18-P10 + footprint fisico P18 30x110 lungo X",v1:OFF-P18-C033,"attacco sulla faccia est"
OFF-P18-C034,P18,T05-C034,F-T05-034,I,VERTICAL,11.9023,4.1262,SOUTH,12.4001,3.9922,0.4978,-0.1340,0.0000,GLOBAL,TRUE,READY,MIS,HIGH,"asse P18-P19 + footprint fisico P18 30x110 lungo X",v1:OFF-P18-C034,"attacco sulla faccia sud"
OFF-P23-C016,P23,T05-C016,F-T05-016,J,VERTICAL,9.9499,-14.7253,NORTH,10.4267,-14.5783,0.4768,0.1470,0.0000,GLOBAL,TRUE,READY,MIS,HIGH,"asse P22P-P23 + footprint fisico P23 30x110 lungo X",v1:OFF-P23-C016,"attacco sulla faccia nord"
OFF-P23-C017,P23,T05-C017,F-T05-017,I,VERTICAL,9.9499,-14.7253,SOUTH,9.6419,-14.8653,-0.3080,-0.1400,0.0000,GLOBAL,TRUE,READY,MIS,HIGH,"asse P23-P24 + footprint fisico P23 30x110 lungo X",v1:OFF-P23-C017,"attacco sulla faccia sud"
OFF-P23-C040,P23,T05-C040,F-T05-040,I,HORIZONTAL,9.9499,-14.7253,EAST,10.4749,-14.7176,0.5250,0.0077,0.0000,GLOBAL,TRUE,READY,MIS,HIGH,"asse P23-P15 + footprint fisico P23 30x110 lungo X",v1:OFF-P23-C040,"attacco sulla faccia est"
OFF-P30-C005,P30,T05-C005,F-T05-005,J,HORIZONTAL,4.7170,-10.9201,WEST,4.5460,-11.3220,-0.1710,-0.4019,0.0000,GLOBAL,TRUE,READY,MIS,HIGH,"asse P33-P30 + footprint fisico P30 30x110 lungo Y",v1:OFF-P30-C005,"attacco sulla faccia ovest"
OFF-P30-C009,P30,T05-C009,F-T05-009,J,VERTICAL,4.7170,-10.9201,NORTH,4.7149,-10.3721,-0.0021,0.5480,0.0000,GLOBAL,TRUE,READY,MIS,HIGH,"asse P29-P30 + footprint fisico P30 30x110 lungo Y",v1:OFF-P30-C009,"attacco sulla faccia nord"
OFF-P30-C012,P30,T05-C012,F-T05-012,I,HORIZONTAL,4.7170,-10.9201,EAST,4.8690,-10.4494,0.1520,0.4707,0.0000,GLOBAL,TRUE,READY,MIS,HIGH,"asse P30-P27 + footprint fisico P30 30x110 lungo Y",v1:OFF-P30-C012,"attacco sulla faccia est"
