support_id,telaio5_node,section_doc,role_status,role_candidate,exterior_reference,fixed_line_interpretation,evidence_status,confidence,source_basis,notes
P17,S,40x40,PARTIAL,ANGOLO,spigolo_esterno_da_verificare_su_pianta_architettonica,NON_PROMOSSO,RIF+MIS,MEDIUM,"immagine planimetrica fornita dall'utente + TAV-05S","Estremo del percorso T5; la forma planimetrica suggerisce nodo d'angolo ma il perimetro architettonico va verificato prima di fissare lo spigolo esterno."
P18,S',30x110,PENDING,ND,ND,LINEA_GRAFICA_INTERNA_DISTINTA_DA_FILO_COSTRUTTIVO,MIS,HIGH,"TAV-05S crop P17_P21_context","La linea grafica attraversa la sezione; non classificare FACCIATA/INTERNO dalla sola carpenteria."
P19,T,40x40,PENDING,ND,ND,LINEA_GRAFICA_INTERNA_DISTINTA_DA_FILO_COSTRUTTIVO,MIS,HIGH,"TAV-05S crop P17_P21_context","Supporto interno alla poligonale del telaio; ruolo rispetto al perimetro non deducibile con sicurezza dalla sola carpenteria."
P20,U,40x40,PENDING,ND,ND,LINEA_GRAFICA_INTERNA_DISTINTA_DA_FILO_COSTRUTTIVO,MIS,HIGH,"TAV-05S crop P17_P21_context","Come P19: geometria della linea leggibile, ruolo perimetrale da cross-check architettonico."
P21,V,30x45,PENDING,ND,ND,LINEA_GRAFICA_INTERNA_DISTINTA_DA_FILO_COSTRUTTIVO,MIS,HIGH,"TAV-05S crop P21_P24_context","Nodo di cambio direzione del T5; non equivale automaticamente a nodo di facciata."
P22,Z,30x45,PENDING,ND,ND,LINEA_GRAFICA_INTERNA_DISTINTA_DA_FILO_COSTRUTTIVO,MIS,HIGH,"TAV-05S crop P21_P24_context","Linea grafica interna leggibile; classificazione perimetrale sospesa."
P22P,A',40x40,PENDING,ND,ND,LINEA_GRAFICA_INTERNA_DISTINTA_DA_FILO_COSTRUTTIVO,MIS,HIGH,"TAV-05S crop P21_P24_context","P22 primo distinto da P22; non usare il salto metrico storico per spostare il filo."
P23,B',30x110,PENDING,ND,ND,LINEA_GRAFICA_INTERNA_DISTINTA_DA_FILO_COSTRUTTIVO,MIS,HIGH,"TAV-05S crop P21_P24_context","Sostegno largo; posizione del filo costruttivo e lato esterno richiedono verifica architettonica."
P24,C',40x40,PARTIAL,ANGOLO,spigolo_esterno_da_verificare_su_pianta_architettonica,NON_PROMOSSO,RIF+MIS,MEDIUM,"immagine planimetrica fornita dall'utente + TAV-05S","Estremo destro del percorso T5; configurazione compatibile con angolo, da promuovere solo dopo riscontro del perimetro architettonico."
