memberId;node3d_bottom;node3d_top;physicalPositionId;level_bottom;level_top;length_m;section;evidenceRefs;epistemicStatus
VM-0001;N3D-0001;N3D-0002;N001;G1;G2;3.2;ND;TAV20_ABACO_VERTICALE_PILASTRI_v22.dxf;VER
VM-0002;N3D-0002;N3D-0003;N001;G2;G3;3.2;ND;TAV20_ABACO_VERTICALE_PILASTRI_v22.dxf;VER
VM-0003;N3D-0003;N3D-0004;N001;G3;G4;3.2;ND;TAV20_ABACO_VERTICALE_PILASTRI_v22.dxf;VER
VM-0004;N3D-0004;N3D-0005;N001;G4;G5;3.2;ND;TAV20_ABACO_VERTICALE_PILASTRI_v22.dxf;VER
VM-0005;N3D-0006;N3D-0007;N003;G1;G2;3.2;ND;TAV20_ABACO_VERTICALE_PILASTRI_v22.dxf;VER
VM-0006;N3D-0007;N3D-0008;N003;G2;G3;3.2;ND;TAV20_ABACO_VERTICALE_PILASTRI_v22.dxf;VER
VM-0007;N3D-0008;N3D-0009;N003;G3;G4;3.2;ND;TAV20_ABACO_VERTICALE_PILASTRI_v22.dxf;VER
VM-0008;N3D-0009;N3D-0010;N003;G4;G5;3.2;ND;TAV20_ABACO_VERTICALE_PILASTRI_v22.dxf;VER
VM-0009;N3D-0011;N3D-0012;N004;G1;G2;3.2;ND;TAV20_ABACO_VERTICALE_PILASTRI_v22.dxf;VER
VM-0010;N3D-0012;N3D-0013;N004;G2;G3;3.2;ND;TAV20_ABACO_VERTICALE_PILASTRI_v22.dxf;VER
VM-0011;N3D-0013;N3D-0014;N004;G3;G4;3.2;ND;TAV20_ABACO_VERTICALE_PILASTRI_v22.dxf;VER
VM-0012;N3D-0014;N3D-0015;N004;G4;G5;3.2;ND;TAV20_ABACO_VERTICALE_PILASTRI_v22.dxf;VER
VM-0013;N3D-0016;N3D-0017;N005;G1;G2;3.2;ND;TAV20_ABACO_VERTICALE_PILASTRI_v22.dxf;VER
VM-0014;N3D-0017;N3D-0018;N005;G2;G3;3.2;ND;TAV20_ABACO_VERTICALE_PILASTRI_v22.dxf;VER
VM-0015;N3D-0018;N3D-0019;N005;G3;G4;3.2;ND;TAV20_ABACO_VERTICALE_PILASTRI_v22.dxf;VER
VM-0016;N3D-0019;N3D-0020;N005;G4;G5;3.2;ND;TAV20_ABACO_VERTICALE_PILASTRI_v22.dxf;VER
VM-0017;N3D-0021;N3D-0022;N006;G1;G2;3.2;ND;TAV20_ABACO_VERTICALE_PILASTRI_v22.dxf;VER
VM-0018;N3D-0022;N3D-0023;N006;G2;G3;3.2;ND;TAV20_ABACO_VERTICALE_PILASTRI_v22.dxf;VER
VM-0019;N3D-0023;N3D-0024;N006;G3;G4;3.2;ND;TAV20_ABACO_VERTICALE_PILASTRI_v22.dxf;VER
VM-0020;N3D-0024;N3D-0025;N006;G4;G5;3.2;ND;TAV20_ABACO_VERTICALE_PILASTRI_v22.dxf;VER
VM-0021;N3D-0026;N3D-0027;N007;G1;G2;3.2;ND;TAV20_ABACO_VERTICALE_PILASTRI_v22.dxf;VER
VM-0022;N3D-0027;N3D-0028;N007;G2;G3;3.2;ND;TAV20_ABACO_VERTICALE_PILASTRI_v22.dxf;VER
VM-0023;N3D-0028;N3D-0029;N007;G3;G4;3.2;ND;TAV20_ABACO_VERTICALE_PILASTRI_v22.dxf;VER
VM-0024;N3D-0029;N3D-0030;N007;G4;G5;3.2;ND;TAV20_ABACO_VERTICALE_PILASTRI_v22.dxf;VER
VM-0025;N3D-0031;N3D-0032;N008;G1;G2;3.2;ND;TAV20_ABACO_VERTICALE_PILASTRI_v22.dxf;VER
VM-0026;N3D-0032;N3D-0033;N008;G2;G3;3.2;ND;TAV20_ABACO_VERTICALE_PILASTRI_v22.dxf;VER
VM-0027;N3D-0033;N3D-0034;N008;G3;G4;3.2;ND;TAV20_ABACO_VERTICALE_PILASTRI_v22.dxf;VER
VM-0028;N3D-0034;N3D-0035;N008;G4;G5;3.2;ND;TAV20_ABACO_VERTICALE_PILASTRI_v22.dxf;VER
VM-0029;N3D-0036;N3D-0037;N009;G1;G2;3.2;ND;TAV20_ABACO_VERTICALE_PILASTRI_v22.dxf;VER
VM-0030;N3D-0037;N3D-0038;N009;G2;G3;3.2;ND;TAV20_ABACO_VERTICALE_PILASTRI_v22.dxf;VER
VM-0031;N3D-0038;N3D-0039;N009;G3;G4;3.2;ND;TAV20_ABACO_VERTICALE_PILASTRI_v22.dxf;VER
VM-0032;N3D-0039;N3D-0040;N009;G4;G5;3.2;ND;TAV20_ABACO_VERTICALE_PILASTRI_v22.dxf;VER
VM-0033;N3D-0041;N3D-0042;N010;G1;G2;3.2;ND;TAV20_ABACO_VERTICALE_PILASTRI_v22.dxf;VER
VM-0034;N3D-0042;N3D-0043;N010;G2;G3;3.2;ND;TAV20_ABACO_VERTICALE_PILASTRI_v22.dxf;VER
VM-0035;N3D-0043;N3D-0044;N010;G3;G4;3.2;ND;TAV20_ABACO_VERTICALE_PILASTRI_v22.dxf;VER
VM-0036;N3D-0044;N3D-0045;N010;G4;G5;3.2;ND;TAV20_ABACO_VERTICALE_PILASTRI_v22.dxf;VER
VM-0037;N3D-0046;N3D-0047;N011;G1;G2;3.2;ND;TAV20_ABACO_VERTICALE_PILASTRI_v22.dxf;VER
VM-0038;N3D-0047;N3D-0048;N011;G2;G3;3.2;ND;TAV20_ABACO_VERTICALE_PILASTRI_v22.dxf;VER
VM-0039;N3D-0048;N3D-0049;N011;G3;G4;3.2;ND;TAV20_ABACO_VERTICALE_PILASTRI_v22.dxf;VER
VM-0040;N3D-0049;N3D-0050;N011;G4;G5;3.2;ND;TAV20_ABACO_VERTICALE_PILASTRI_v22.dxf;VER
VM-0041;N3D-0051;N3D-0052;N012;G1;G2;3.2;ND;TAV20_ABACO_VERTICALE_PILASTRI_v22.dxf;VER
VM-0042;N3D-0052;N3D-0053;N012;G2;G3;3.2;ND;TAV20_ABACO_VERTICALE_PILASTRI_v22.dxf;VER
VM-0043;N3D-0053;N3D-0054;N012;G3;G4;3.2;ND;TAV20_ABACO_VERTICALE_PILASTRI_v22.dxf;VER
VM-0044;N3D-0054;N3D-0055;N012;G4;G5;3.2;ND;TAV20_ABACO_VERTICALE_PILASTRI_v22.dxf;VER
VM-0045;N3D-0056;N3D-0057;N013;G1;G2;3.2;ND;TAV20_ABACO_VERTICALE_PILASTRI_v22.dxf;VER
VM-0046;N3D-0057;N3D-0058;N013;G2;G3;3.2;ND;TAV20_ABACO_VERTICALE_PILASTRI_v22.dxf;VER
VM-0047;N3D-0058;N3D-0059;N013;G3;G4;3.2;ND;TAV20_ABACO_VERTICALE_PILASTRI_v22.dxf;VER
VM-0048;N3D-0059;N3D-0060;N013;G4;G5;3.2;ND;TAV20_ABACO_VERTICALE_PILASTRI_v22.dxf;VER
VM-0049;N3D-0061;N3D-0062;N014;G1;G2;3.2;ND;TAV20_ABACO_VERTICALE_PILASTRI_v22.dxf;VER
VM-0050;N3D-0062;N3D-0063;N014;G2;G3;3.2;ND;TAV20_ABACO_VERTICALE_PILASTRI_v22.dxf;VER
VM-0051;N3D-0063;N3D-0064;N014;G3;G4;3.2;ND;TAV20_ABACO_VERTICALE_PILASTRI_v22.dxf;VER
VM-0052;N3D-0064;N3D-0065;N014;G4;G5;3.2;ND;TAV20_ABACO_VERTICALE_PILASTRI_v22.dxf;VER
VM-0053;N3D-0066;N3D-0067;N015;G1;G2;3.2;ND;TAV20_ABACO_VERTICALE_PILASTRI_v22.dxf;VER
VM-0054;N3D-0067;N3D-0068;N015;G2;G3;3.2;ND;TAV20_ABACO_VERTICALE_PILASTRI_v22.dxf;VER
VM-0055;N3D-0068;N3D-0069;N015;G3;G4;3.2;ND;TAV20_ABACO_VERTICALE_PILASTRI_v22.dxf;VER
VM-0056;N3D-0069;N3D-0070;N015;G4;G5;3.2;ND;TAV20_ABACO_VERTICALE_PILASTRI_v22.dxf;VER
VM-0057;N3D-0071;N3D-0072;N016;G1;G2;3.2;ND;TAV20_ABACO_VERTICALE_PILASTRI_v22.dxf;VER
VM-0058;N3D-0072;N3D-0073;N016;G2;G3;3.2;ND;TAV20_ABACO_VERTICALE_PILASTRI_v22.dxf;VER
VM-0059;N3D-0073;N3D-0074;N016;G3;G4;3.2;ND;TAV20_ABACO_VERTICALE_PILASTRI_v22.dxf;VER
VM-0060;N3D-0074;N3D-0075;N016;G4;G5;3.2;ND;TAV20_ABACO_VERTICALE_PILASTRI_v22.dxf;VER
VM-0061;N3D-0076;N3D-0077;N017;G1;G2;3.2;ND;TAV20_ABACO_VERTICALE_PILASTRI_v22.dxf;VER
VM-0062;N3D-0077;N3D-0078;N017;G2;G3;3.2;ND;TAV20_ABACO_VERTICALE_PILASTRI_v22.dxf;VER
VM-0063;N3D-0078;N3D-0079;N017;G3;G4;3.2;ND;TAV20_ABACO_VERTICALE_PILASTRI_v22.dxf;VER
VM-0064;N3D-0079;N3D-0080;N017;G4;G5;3.2;ND;TAV20_ABACO_VERTICALE_PILASTRI_v22.dxf;VER
VM-0065;N3D-0081;N3D-0082;N028;G1;G2;3.2;ND;TAV20_ABACO_VERTICALE_PILASTRI_v22.dxf;VER
VM-0066;N3D-0082;N3D-0083;N028;G2;G3;3.2;ND;TAV20_ABACO_VERTICALE_PILASTRI_v22.dxf;VER
VM-0067;N3D-0083;N3D-0084;N028;G3;G4;3.2;ND;TAV20_ABACO_VERTICALE_PILASTRI_v22.dxf;VER
VM-0068;N3D-0084;N3D-0085;N028;G4;G5;3.2;ND;TAV20_ABACO_VERTICALE_PILASTRI_v22.dxf;VER
VM-0069;N3D-0086;N3D-0087;N031;G1;G2;3.2;ND;TAV20_ABACO_VERTICALE_PILASTRI_v22.dxf;VER
VM-0070;N3D-0087;N3D-0088;N031;G2;G3;3.2;ND;TAV20_ABACO_VERTICALE_PILASTRI_v22.dxf;VER
VM-0071;N3D-0088;N3D-0089;N031;G3;G4;3.2;ND;TAV20_ABACO_VERTICALE_PILASTRI_v22.dxf;VER
VM-0072;N3D-0089;N3D-0090;N031;G4;G5;3.2;ND;TAV20_ABACO_VERTICALE_PILASTRI_v22.dxf;VER
VM-0073;N3D-0091;N3D-0092;N033;G1;G2;3.2;ND;TAV20_ABACO_VERTICALE_PILASTRI_v22.dxf;VER
VM-0074;N3D-0092;N3D-0093;N033;G2;G3;3.2;ND;TAV20_ABACO_VERTICALE_PILASTRI_v22.dxf;VER
VM-0075;N3D-0093;N3D-0094;N033;G3;G4;3.2;ND;TAV20_ABACO_VERTICALE_PILASTRI_v22.dxf;VER
VM-0076;N3D-0094;N3D-0095;N033;G4;G5;3.2;ND;TAV20_ABACO_VERTICALE_PILASTRI_v22.dxf;VER
VM-0077;N3D-0096;N3D-0097;N035;G1;G2;3.2;ND;TAV20_ABACO_VERTICALE_PILASTRI_v22.dxf;VER
VM-0078;N3D-0097;N3D-0098;N035;G2;G3;3.2;ND;TAV20_ABACO_VERTICALE_PILASTRI_v22.dxf;VER
VM-0079;N3D-0098;N3D-0099;N035;G3;G4;3.2;ND;TAV20_ABACO_VERTICALE_PILASTRI_v22.dxf;VER
VM-0080;N3D-0099;N3D-0100;N035;G4;G5;3.2;ND;TAV20_ABACO_VERTICALE_PILASTRI_v22.dxf;VER
VM-0081;N3D-0101;N3D-0102;N039;G1;G2;3.2;ND;TAV20_ABACO_VERTICALE_PILASTRI_v22.dxf;VER
VM-0082;N3D-0102;N3D-0103;N039;G2;G3;3.2;ND;TAV20_ABACO_VERTICALE_PILASTRI_v22.dxf;VER
VM-0083;N3D-0103;N3D-0104;N039;G3;G4;3.2;ND;TAV20_ABACO_VERTICALE_PILASTRI_v22.dxf;VER
VM-0084;N3D-0104;N3D-0105;N039;G4;G5;3.2;ND;TAV20_ABACO_VERTICALE_PILASTRI_v22.dxf;VER
VM-0085;N3D-0106;N3D-0107;N040;G1;G2;3.2;ND;TAV20_ABACO_VERTICALE_PILASTRI_v22.dxf;VER
VM-0086;N3D-0107;N3D-0108;N040;G2;G3;3.2;ND;TAV20_ABACO_VERTICALE_PILASTRI_v22.dxf;VER
VM-0087;N3D-0108;N3D-0109;N040;G3;G4;3.2;ND;TAV20_ABACO_VERTICALE_PILASTRI_v22.dxf;VER
VM-0088;N3D-0109;N3D-0110;N040;G4;G5;3.2;ND;TAV20_ABACO_VERTICALE_PILASTRI_v22.dxf;VER
VM-0089;N3D-0111;N3D-0112;N042;G1;G2;3.2;ND;TAV20_ABACO_VERTICALE_PILASTRI_v22.dxf;VER
VM-0090;N3D-0112;N3D-0113;N042;G2;G3;3.2;ND;TAV20_ABACO_VERTICALE_PILASTRI_v22.dxf;VER
VM-0091;N3D-0113;N3D-0114;N042;G3;G4;3.2;ND;TAV20_ABACO_VERTICALE_PILASTRI_v22.dxf;VER
VM-0092;N3D-0114;N3D-0115;N042;G4;G5;3.2;ND;TAV20_ABACO_VERTICALE_PILASTRI_v22.dxf;VER
VM-0093;N3D-0116;N3D-0117;N044;G1;G2;3.2;ND;TAV20_ABACO_VERTICALE_PILASTRI_v22.dxf;VER
VM-0094;N3D-0117;N3D-0118;N044;G2;G3;3.2;ND;TAV20_ABACO_VERTICALE_PILASTRI_v22.dxf;VER
VM-0095;N3D-0118;N3D-0119;N044;G3;G4;3.2;ND;TAV20_ABACO_VERTICALE_PILASTRI_v22.dxf;VER
VM-0096;N3D-0119;N3D-0120;N044;G4;G5;3.2;ND;TAV20_ABACO_VERTICALE_PILASTRI_v22.dxf;VER
VM-0097;N3D-0121;N3D-0122;N045;G1;G2;3.2;ND;TAV20_ABACO_VERTICALE_PILASTRI_v22.dxf;VER
VM-0098;N3D-0122;N3D-0123;N045;G2;G3;3.2;ND;TAV20_ABACO_VERTICALE_PILASTRI_v22.dxf;VER
VM-0099;N3D-0123;N3D-0124;N045;G3;G4;3.2;ND;TAV20_ABACO_VERTICALE_PILASTRI_v22.dxf;VER
VM-0100;N3D-0124;N3D-0125;N045;G4;G5;3.2;ND;TAV20_ABACO_VERTICALE_PILASTRI_v22.dxf;VER
VM-0101;N3D-0126;N3D-0127;N002;G1;G2;3.2;ND;TAV20_ABACO_VERTICALE_PILASTRI_v22.dxf;VER
VM-0102;N3D-0127;N3D-0128;N002;G2;G3;3.2;ND;TAV20_ABACO_VERTICALE_PILASTRI_v22.dxf;VER
VM-0103;N3D-0128;N3D-0129;N002;G3;G4;3.2;ND;TAV20_ABACO_VERTICALE_PILASTRI_v22.dxf;VER
VM-0104;N3D-0129;N3D-0130;N002;G4;G5;3.2;ND;TAV20_ABACO_VERTICALE_PILASTRI_v22.dxf;VER
